{
    "init_keypoint_positions": [
        [
            -0.13748745479021035,
            0.09644689547784338,
            0.552
        ],
        [
            -0.12902817198371636,
            -0.029844287289950047,
            0.5700000000000001
        ],
        [
            0.05503843845792043,
            0.010170310776617142,
            0.535
        ],
        [
            0.05837809170086122,
            0.10214221760851229,
            0.526
        ],
        [
            0.10768864849084452,
            0.14538272886524362,
            0.513
        ],
        [
            0.2587237783220072,
            -0.17447401544151042,
            0.524
        ],
        [
            0.18189885982126927,
            -0.10761772529682735,
            0.366
        ],
        [
            0.2554535900222197,
            -0.11028339713229092,
            0.514
        ]
    ],
    "num_keypoints": 8,
    "num_stages": 2,
    "grasp_keypoints": [
        0,
        -1
    ],
    "release_keypoints": [
        -1,
        0
    ]
}